nome;tipo;posto;classe;energia_blender;Range;Brightness;override_interior;NightOnly;x;y;z
L_OPSum_Core;POINT;1;summon nucleo;650;12.6;0.71;;nao (dia);168.4;214.0;97.2
L_OPSum_Lamp_L;POINT;1;summon lanterna;130;7.2;0.38;;nao (dia);165.7;204.6;95.3
L_OPSum_Lamp_R;POINT;1;summon lanterna;130;7.2;0.38;;nao (dia);165.7;223.4;95.3
L_OPSum_Star;POINT;1;summon estrela;420;10.7;0.56;;nao (dia);173.0;214.0;134.2
L_OPCap_Int_Cha;POINT;2;casa de cha (interior);260;14.0;0.60;sim;nao (dia);-139.0;249.0;99.7
L_OPCas_Hall_1;POINT;2;salao do castelo (interior);260;18.0;0.69;sim;nao (dia);-0.0;395.0;143.6
L_OPCas_Hall_2;POINT;2;salao do castelo (interior);260;18.0;0.69;sim;nao (dia);12.0;410.0;143.6
L_OPCas_Hall_3;POINT;2;salao do castelo (interior);260;18.0;0.69;sim;nao (dia);-12.0;410.0;143.6
L_OPCap_Win_Cha;POINT;3;janela acesa;90;6.5;0.36;;sim;-138.0;238.4;98.1
L_OPCap_Win_M2C1;POINT;3;janela acesa;90;6.5;0.36;;sim;-27.0;45.4;95.8
L_OPCap_Win_M2C2;POINT;3;janela acesa;90;6.5;0.36;;sim;-15.4;68.0;93.8
L_OPCap_Win_M2C5;POINT;3;janela acesa;90;6.5;0.36;;sim;21.3;61.6;95.8
L_OPCap_Win_M2C6;POINT;3;janela acesa;90;6.5;0.36;;sim;26.6;82.6;95.9
L_OPCap_Win_M4C7;POINT;3;janela acesa;90;6.5;0.36;;sim;17.0;93.0;103.4
L_OPProp_Lamp_Alem;POINT;4;lanterna de caminho;40;5.2;0.33;;sim;-191.0;216.3;98.9
L_OPProp_Lamp_BridgeHead_L;POINT;4;lanterna de caminho;80;6.2;0.35;;sim;-9.8;-0.6;89.0
L_OPProp_Lamp_BridgeHead_R;POINT;4;lanterna de caminho;80;6.2;0.35;;sim;9.8;-0.6;89.0
L_OPProp_Lamp_Bridge_L;POINT;4;lanterna de caminho;80;6.2;0.35;;sim;-9.8;-70.4;86.7
L_OPProp_Lamp_Bridge_R;POINT;4;lanterna de caminho;80;6.2;0.35;;sim;9.8;-70.4;86.7
L_OPProp_Lamp_Cais;POINT;4;lanterna de caminho;40;5.2;0.33;;sim;-156.8;196.6;98.9
L_OPProp_Lamp_Cap_Bairro;POINT;4;lanterna de caminho;40;5.2;0.33;;sim;-133.0;66.6;94.3
L_OPProp_Lamp_Cap_Oeste;POINT;4;lanterna de caminho;40;5.2;0.33;;sim;-124.2;155.0;98.5
L_OPProp_Lamp_Cap_Porto;POINT;4;lanterna de caminho;40;5.2;0.33;;sim;114.5;78.8;94.3
L_OPProp_Lamp_Cap_Terraco;POINT;4;lanterna de caminho;40;5.2;0.33;;sim;-127.5;357.0;106.3
L_OPProp_Lamp_Cas_Adro_0;POINT;4;lanterna de caminho;40;5.2;0.33;;sim;-25.5;320.0;104.8
L_OPProp_Lamp_Cas_Adro_1;POINT;4;lanterna de caminho;40;5.2;0.33;;sim;25.5;320.0;104.8
L_OPProp_Lamp_Cas_Patamar;POINT;4;lanterna de caminho;40;5.2;0.33;;sim;-77.0;388.0;121.4
L_OPProp_Lamp_M2Esc_0;POINT;4;lanterna de caminho;40;5.2;0.33;;sim;-14.6;108.5;91.4
L_OPProp_Lamp_M2Esc_1;POINT;4;lanterna de caminho;40;5.2;0.33;;sim;14.6;108.5;91.4
L_OPProp_Lamp_M2Rua_0;POINT;4;lanterna de caminho;40;5.2;0.33;;sim;-8.0;54.0;95.0
L_OPProp_Lamp_M2Rua_1;POINT;4;lanterna de caminho;40;5.2;0.33;;sim;8.0;66.0;95.0
L_OPProp_Lamp_M2Rua_2;POINT;4;lanterna de caminho;40;5.2;0.33;;sim;-8.0;77.0;95.0
L_OPProp_Lamp_M2Rua_3;POINT;4;lanterna de caminho;40;5.2;0.33;;sim;8.0;90.0;95.0
L_OPProp_Lamp_Mercado;POINT;4;lanterna de caminho;40;5.2;0.33;;sim;-88.0;84.8;94.3
L_OPProp_Lamp_Plz_0;POINT;4;lanterna de caminho;40;5.2;0.33;;sim;111.6;186.0;98.9
L_OPProp_Lamp_Plz_1;POINT;4;lanterna de caminho;40;5.2;0.33;;sim;111.6;246.0;98.9
L_OPProp_Lamp_Plz_2;POINT;4;lanterna de caminho;40;5.2;0.33;;sim;-112.4;181.0;98.9
L_OPProp_Lamp_Plz_3;POINT;4;lanterna de caminho;40;5.2;0.33;;sim;-112.4;243.0;98.9
L_OPProp_Lamp_Plz_4;POINT;4;lanterna de caminho;40;5.2;0.33;;sim;108.0;270.0;98.9
L_OPProp_Lamp_Plz_5;POINT;4;lanterna de caminho;40;5.2;0.33;;sim;-106.0;258.0;98.9
L_OPProp_Lamp_Plz_6;POINT;4;lanterna de caminho;40;5.2;0.33;;sim;-48.0;311.2;98.9
L_OPProp_Lamp_Plz_7;POINT;4;lanterna de caminho;40;5.2;0.33;;sim;48.0;311.2;98.9
L_OPProp_Lamp_PortoEscB_0;POINT;4;lanterna de caminho;40;5.2;0.33;;sim;153.4;45.5;45.3
L_OPProp_Lamp_PortoEscB_1;POINT;4;lanterna de caminho;40;5.2;0.33;;sim;166.6;45.5;45.3
L_OPProp_Lamp_Porto_0;POINT;4;lanterna de caminho;40;5.2;0.33;;sim;225.0;113.0;48.4
L_OPProp_Lamp_Porto_1;POINT;4;lanterna de caminho;40;5.2;0.33;;sim;225.0;73.0;48.8
L_OPProp_Lamp_PracaN_0;POINT;4;lanterna de caminho;40;5.2;0.33;;sim;-21.2;306.0;98.9
L_OPProp_Lamp_PracaN_1;POINT;4;lanterna de caminho;40;5.2;0.33;;sim;21.2;306.0;98.9
L_OPProp_Lamp_Saida_0;POINT;4;lanterna de caminho;80;6.2;0.35;;sim;205.5;225.7;93.0
L_OPProp_Lamp_Saida_1;POINT;4;lanterna de caminho;80;6.2;0.35;;sim;291.2;248.7;93.0
L_OPProp_Lamp_Saida_2;POINT;4;lanterna de caminho;80;6.2;0.35;;sim;205.5;246.0;93.0
L_OPProp_Lamp_Saida_3;POINT;4;lanterna de caminho;80;6.2;0.35;;sim;286.1;267.6;93.0
L_OPProp_Lamp_Sum_0;POINT;4;lanterna de caminho;80;6.2;0.35;;sim;134.5;199.6;93.3
L_OPProp_Lamp_Sum_1;POINT;4;lanterna de caminho;80;6.2;0.35;;sim;140.0;228.8;93.3
L_OPProp_Lamp_Travessa;POINT;4;lanterna de caminho;40;5.2;0.33;;sim;70.5;79.6;94.9
L_OPProp_Lamp_Cas_Toro_0;POINT;5;toro;35;5.1;0.32;;sim;-12.0;375.0;141.1
L_OPProp_Lamp_Cas_Toro_1;POINT;5;toro;35;5.1;0.32;;sim;12.0;375.0;141.1
L_OPProp_Lamp_Saida_Toro_0;POINT;5;toro;30;4.9;0.32;;sim;332.3;255.3;93.0
L_OPProp_Lamp_Saida_Toro_1;POINT;5;toro;30;4.9;0.32;;sim;325.1;282.4;93.0
L_OPProp_Toro_Cap_NE;POINT;5;toro;30;4.9;0.32;;sim;137.0;311.6;96.6
L_OPProp_Toro_In_L;POINT;5;toro;45;5.4;0.33;;sim;-15.6;3.6;89.7
L_OPProp_Toro_In_R;POINT;5;toro;45;5.4;0.33;;sim;15.6;3.6;89.7
L_OPProp_Toro_M2_0;POINT;5;toro;35;5.1;0.32;;sim;-19.5;122.6;97.0
L_OPProp_Toro_M2_1;POINT;5;toro;35;5.1;0.32;;sim;19.5;122.6;97.0
