ServerScriptService.Core.PlayerData.module.lua	23149	module
ServerScriptService.Core.AreaBuilder.module.lua	19930	module
ServerScriptService.Core.Mineracao.module.lua	15117	module
ServerScriptService.Core.IgnisService.module.lua	9418	module
ServerScriptService.Core.Main.server.lua	21698	true
ServerScriptService.Core.GachaService.module.lua	6257	module
ServerScriptService.Core.PetService.module.lua	5268	module
ServerScriptService.Core.PicaretaTool.server.lua	5046	true
ServerScriptService.Core.FolhaEnvironment.module.lua	23911	module
ServerScriptService.Core.HatVisual.module.lua	4095	module
ServerScriptService.Core.DevTest.server.lua	4677	true
ServerScriptService.Core.ThemeIslands.module.lua	21135	module
ServerScriptService.Core.LobbyPolish.module.lua	5618	module
ServerScriptService.Core.RemainingIslands.module.lua	25999	module
ServerScriptService.Core.IslandArt.module.lua	14703	module
ServerScriptService.Core.IslandWorld.module.lua	28985	module
ServerScriptService.Core.IslandTravel.module.lua	9487	module
ServerScriptService.Core.PickaxeModels.module.lua	1871	module
ServerScriptService.Core.ExpeditionTravel.server.lua	5642	true
ServerScriptService.Core.Passes.module.lua	1847	module
ServerScriptService.Core.Progresso.module.lua	2478	module
ServerScriptService.Core.Codigos.module.lua	2851	module
ServerScriptService.Core.SpawnMinerio.module.lua	8103	module
ServerScriptService.Core.Telemetria.module.lua	3461	module
ServerScriptService.Core.ExperimentService.module.lua	3280	module
ServerScriptService.Core.Economia.module.lua	3334	module
ServerScriptService.Core.Ofertas.module.lua	5351	module
ServerScriptService.Core.Recompensas.module.lua	5090	module
ServerScriptService.Core.BossService.module.lua	7043	module
ServerScriptService.Core.Retencao.module.lua	3567	module
ServerScriptService.Core.Produtos.module.lua	4645	module
ServerScriptService.Core.KonohaIsland.module.lua	10304	module
ServerScriptService.Core.CapsuleIsland.module.lua	9441	module
ServerScriptService.Core.StylizedWater.module.lua	10845	module
ServerScriptService.Core.ShadowGardenLayout.module.lua	38046	module
ServerScriptService.Core.ShadowGardenIsland.module.lua	7614	module
ServerScriptService.Core.UIPolishQA.server.lua	4155	true
ServerScriptService.Core.Paredes.module.lua	13261	module
ServerScriptService.Core.TravessiaCorredores.module.lua	6392	module
ServerScriptService.Core.PortoesDeIlha.module.lua	11529	module
ServerScriptService.Core.NarutoIsland.module.lua	17908	module
ServerScriptService.Core.DragonBallIsland.module.lua	15168	module
ServerScriptService.LEIA-ME.module.lua	5174	module
ServerScriptService.OreVFX_Setup.server.lua	2901	true
ServerScriptService.LOBBY_FORJA_Servidor.server.lua	2968	true
ServerScriptService.ILHA_NARUTO_Servidor.server.lua	2968	false
ServerScriptService.ILHA_DRAGONBALL_Servidor.server.lua	2976	false
ReplicatedStorage.Config.module.lua	39310	module
ReplicatedStorage.MiningSwing.module.lua	3071	module
ReplicatedStorage.MiningGeometry.module.lua	3125	module
ReplicatedStorage.BannersConfig.module.lua	2876	module
ReplicatedStorage.ExpeditionUI.Theme.module.lua	62370	module
ReplicatedStorage.ExpeditionUI.Menus.module.lua	61791	module
ReplicatedStorage.ExpeditionUI.Inventory.module.lua	51540	module
ReplicatedStorage.ExpeditionUI.Notify.module.lua	21292	module
ReplicatedStorage.OreVFX.module.lua	52487	module
ReplicatedStorage.EconomiaV31.module.lua	5183	module
ReplicatedStorage.MonetizacaoConfig.module.lua	4297	module
ReplicatedStorage.MiningAnimations.module.lua	7145	module
ReplicatedStorage.SomJogo.module.lua	18927	module
ReplicatedStorage.CharacterRig.module.lua	15457	module
ReplicatedStorage.AudioCatalog.module.lua	6375	module
ReplicatedStorage.AudioPreferences.module.lua	1418	module
ReplicatedStorage.UIPreferences.module.lua	565	module
ReplicatedStorage.PortoesCompra.module.lua	1366	module
StarterPlayer.StarterPlayerScripts.MineracaoVisual.client.lua	17780	true
StarterPlayer.StarterPlayerScripts.AutoMinerar.client.lua	13845	true
StarterPlayer.StarterPlayerScripts.AmbienteLobby.client.lua	2445	false
StarterPlayer.StarterPlayerScripts.LocomocaoBigAxe.client.lua	22185	true
StarterPlayer.StarterPlayerScripts.AmbienteFolha.client.lua	3906	true
StarterPlayer.StarterPlayerScripts.AreaAtmosphere.client.lua	3180	true
StarterPlayer.StarterPlayerScripts.IslandVisibility.client.lua	3410	true
StarterPlayer.StarterPlayerScripts.IslandTransition.client.lua	3784	true
StarterPlayer.StarterPlayerScripts.ExpeditionClient.client.lua	66605	true
StarterPlayer.StarterPlayerScripts.PetsSeguidores.client.lua	11185	true
StarterPlayer.StarterPlayerScripts.SakuraEffects.client.lua	3027	false
StarterPlayer.StarterPlayerScripts.AudioWorld.client.lua	3473	true
StarterPlayer.StarterPlayerScripts.ShadowGardenWater.client.lua	847	true
StarterPlayer.StarterPlayerScripts.PlayerTitles.client.lua	2323	true
StarterPlayer.StarterPlayerScripts.LobbyVida.client.lua	4041	true
StarterPlayer.StarterPlayerScripts.ParedesClient.client.lua	1585	true
StarterPlayer.StarterPlayerScripts.PortaisAmbiente.client.lua	1654	true
StarterPlayer.StarterPlayerScripts.VFX_Lobby_Forja_Client.client.lua	27708	true
StarterPlayer.StarterPlayerScripts.ILHA_NARUTO_Movel.client.lua	1254	true
StarterPlayer.StarterPlayerScripts.ILHA_NARUTO_Cliente.client.lua	4543	false
StarterPlayer.StarterPlayerScripts.ILHAS_Cliente.client.lua	5397	true
StarterPlayer.in__StarterPlayerScripts.client.lua	832	true
ReplicatedFirst.MiningLoading.client.lua	4211	true